Gene,Coefficient_of_Variation
0,44.085869826289624
1,44.06901763241607
2,44.40053128211032
3,50.631734862512964
4,46.19934021982557
5,51.02629649607544
6,52.16523396268569
7,39.07564980549333
8,51.64830120331968
9,49.95577055267234
10,54.16367538877365
11,35.26361563809635
12,57.198784850665476
13,51.40996651801129
14,49.602470225167
15,48.17424603739507
16,54.95590637839691
17,41.94514833989589
18,57.83558550400208
19,56.3928077248286
20,51.8189541579742
21,47.12960891315765
22,56.770452777425575
23,59.29773368590826
24,39.374706458949085
25,55.993525212089935
26,39.52175647278784
27,50.17420060407803
28,55.54230316791169
29,51.16687778374628
30,62.613945348663144
31,46.19339453225486
32,56.56715853962441
33,44.95162147771269
34,44.812031670871924
35,57.063144066618236
36,56.32106399776556
37,49.88588092582339
38,57.685743423965285
39,57.685743423965285
40,57.685743423965285
41,57.685743423965285
42,57.467983509427626
43,49.00871789985498
44,44.64198330988695
45,56.76913895879267
46,62.605369876254315
47,61.92139218585423
48,43.76644543997278
49,53.436883904642855
50,53.436883904642855
51,53.436883904642855
52,53.436883904642855
53,64.50722255661809
54,57.38534411106695
55,44.45788549006224
56,46.069016447001744
57,55.40758284310009
58,66.68916248801821
59,56.52210391818281
60,45.83059708563491
61,62.31965322274288
62,58.80166977951414
63,58.25823366606983
64,52.12241365681265
65,56.18567119102074
66,66.9204809969543
67,61.92954278591481
68,62.04056044506828
69,55.56430387253326
70,72.13365538226144
71,68.79754481466024
72,62.79033009155035
73,41.79629393563772
74,60.989293358208144
75,51.59384033394735
76,50.44620388386034
77,52.182869538808454
78,42.09872282128216
79,70.22692682155467
80,64.60639485033465
81,49.010493043276924
82,54.09151938190425
83,57.92411204085999
84,61.807497734406134
85,55.87269373478826
86,43.7908266652513
87,71.12982010626412
88,51.84900050765503
89,54.52179527715679
90,64.44696822243236
91,47.87011145330377
92,63.46444483021323
93,51.473429588807626
94,57.689751616893325
95,61.12961481789681
96,45.74027651594274
97,48.640503123888486
98,65.19776131199563
99,64.94541185555308
100,57.51970193905564
101,66.38474413607531
102,50.84319280850347
103,50.88262818732884
104,64.89337829586083
105,60.9673125233286
106,53.71399871325383
107,44.05270845787376
108,60.280816676443564
109,71.03312210899068
110,63.22375547241845
111,54.80294400730842
112,64.26100989182699
113,68.88807626387624
114,76.70057374619115
115,86.40033296433342
116,60.38697371095459
117,57.28772961287585
118,80.07766389049783
119,65.02361259689943
120,53.74646505665609
121,50.54901687917274
122,57.73489767897223
123,77.63194104851272
124,64.80625488640062
125,45.37273853008597
126,59.25496802980379
127,59.18791591919974
128,48.7806389607028
129,58.79546874646713
130,54.338238802448224
131,75.5675210811118
132,54.40207351856321
133,68.33353079027162
134,52.193114626841265
135,64.25361948616762
136,47.021145698939435
137,69.65553366540675
138,61.22506219073816
139,53.46485706934757
140,78.91547572775208
141,80.77034291224608
142,111.85733487275387
143,59.48896895742843
144,65.43179181180933
145,40.7991815935555
146,86.0035746207635
147,68.03125523040424
148,72.42946975047806
149,56.4861095125614
150,47.29335723459425
151,69.09619697578093
152,58.526606242826674
153,58.51049184490521
154,73.57604658073534
155,44.8475680692849
156,76.69201113523697
157,65.12160577820538
158,63.35664426040755
159,59.37149600887418
160,63.85983143518965
161,45.180328494411185
162,54.89782896987819
163,66.81326624510578
164,65.82138443181019
165,51.769723966204715
166,72.84288351439946
167,66.06898206783477
168,61.382487717472515
169,63.641778452631016
170,61.386642755714306
171,55.93443566823068
172,53.60749448203001
173,62.10259758958482
174,56.46986081149004
175,66.24204593016341
176,168.38109258599513
177,62.325053042138315
178,46.336200977992995
179,61.54477397104377
180,61.29326104109869
181,58.121794139492735
182,72.47869378846995
183,75.58262625752657
184,51.5104660305147
185,60.64521377418745
186,71.2857657499653
187,62.09467859954033
188,57.2319959247206
189,66.83284163649016
190,45.15835735666279
191,63.524553658674485
192,46.796558182694255
193,63.825260639864645
194,59.13422137709321
195,66.54578480110362
196,76.97235173406783
197,70.95541862334328
198,69.1779879159862
199,53.22305582653445
200,88.00205961258722
201,67.69685869100871
202,67.52648196051626
203,56.4677965703425
204,49.306855646788165
205,61.496403483046336
206,72.58850473377802
207,70.32787487361293
208,57.25132125534071
209,69.21626472269247
210,52.91049035588814
211,80.83018548063214
212,59.257777570650475
213,58.1750305091972
214,52.360397991302875
215,49.63592147045443
216,61.57174055373955
217,54.5282632283194
218,60.16917894428803
219,47.95895505532989
220,58.008475495652625
221,45.44032831548211
222,52.53359171638438
223,73.8423965786622
224,62.59006496047744
225,58.54791434621202
226,45.977396565272706
227,78.20490857505715
228,57.939224927009484
229,58.39514571948757
230,65.72627816428238
231,55.65508585026291
232,61.11089526547827
233,56.273828340449064
234,60.6513231424598
235,60.59270431433252
236,58.64941244069546
237,58.63166709443873
238,58.69183962685379
239,51.86042950370815
240,72.41959936922036
241,46.919603767774326
242,63.988656476968686
243,58.37527095316312
244,89.39370091692464
245,88.20552577018465
246,54.40951377672041
247,38.88079194653091
248,108.35865671478741
249,81.25102151458759
250,95.89977787668181
251,69.38839013387039
252,52.99298401461474
253,61.88811315980962
254,46.12506827776473
255,62.11271012305622
256,66.70954750901267
257,61.09485483123078
258,50.010503414293936
259,153.8777377103962
260,153.8777377103962
261,153.8777377103962
262,153.8777377103962
263,80.78753446379204
264,58.5561427757493
265,52.16431738256978
266,87.67144248974434
267,80.92717475305781
268,82.27334963440799
269,56.86198391463538
270,66.02940844955152
271,48.86512797735752
272,68.7710191593469
273,62.26848430640178
274,66.56180745561052
275,72.42575768267966
276,56.17207036250556
277,59.64600010899509
278,57.72858630332933
279,46.3466888586717
280,63.73757409745099
281,69.5843911155184
282,57.13245106961375
283,70.20244760138468
284,77.62844031860105
285,76.75717778716728
286,52.40342015566646
287,58.57836444123061
288,63.039409973332006
289,65.22826283860662
290,54.87346266233052
291,72.84940385230706
292,55.87718171174458
293,47.89866246447324
294,80.59748988163055
295,79.88741094344022
296,47.923198425894334
297,65.56509176483041
298,64.00493302246274
299,48.428359831542046
300,51.91015101340453
301,65.81404079135955
302,53.59390260037332
303,68.33370530664946
304,62.03862733680137
305,122.62975914185368
306,55.0557466880675
307,67.54845047510281
308,51.056063666839904
309,55.12029472820704
310,53.61405124861529
311,46.30591808787506
312,67.93002295468287
313,55.16206924866381
314,57.66060713195695
315,57.94656247148495
316,125.25099165025809
317,66.87371001825896
318,47.904428690685215
319,50.85677432763255
320,66.82796796500196
321,49.88057595636592
322,59.46750187354859
323,61.566405667403636
324,89.58600678567305
325,90.41316204850237
326,53.67817134660579
327,62.45109035303656
328,62.26068003078535
329,55.18082545436782
330,71.26992848702103
331,46.5298215129108
332,48.199009245304076
333,86.29415782320056
334,54.11191769746756
335,54.75159036141345
336,46.713617521068464
337,48.505780913086475
338,73.83442650841147
339,52.31285679929949
340,46.19553913657724
341,68.22037745366528
342,100.07391564389592
343,67.2982488740222
344,65.0239616715189
345,75.92033145259161
346,49.99525602946871
347,55.34359063244505
348,49.14907684572231
349,64.95024883521782
350,59.601189766016496
351,58.41302482544219
352,56.40437139846476
353,83.67469698907477
354,55.60336999217669
355,53.550986828794436
356,81.7072781693715
357,56.79921324203077
358,71.68159785765937
359,99.44449163992907
360,61.433077309731146
361,57.55163459829964
362,69.8697654354189
363,65.61445620993241
364,69.63672153988112
365,73.75372700836729
366,76.86952603573354
367,60.30722500097222
368,63.05072390168248
369,57.93801918450166
370,53.84784856401521
371,58.686580572810556
372,49.27112933935236
373,56.14155844228797
374,56.8273575258366
375,51.66685551630745
376,61.08034925309447
377,55.149983028963675
378,49.47288703065019
379,55.80783758292856
380,67.62445967507726
381,47.965116917181064
382,58.13527344725787
383,80.61718878521621
384,59.02871677448491
385,71.1957051402146
386,70.14143973793394
387,52.342384672534116
388,55.4816778942792
389,60.63408297066979
390,82.79150095521092
391,53.29657193038827
392,57.81099763590859
393,49.44584722495172
394,63.459233668244075
395,49.8497377997229
396,60.142111059070245
397,56.72213973226541
398,72.65917375930067
399,64.59292975674485
400,54.14609425406588
401,57.073004137194
402,53.74511847560035
403,53.358405367226744
404,54.41569375262982
405,63.67251758061451
406,58.5694057060103
407,61.672563904759
408,49.28685670989152
409,48.60302315966144
410,59.20931875287254
411,51.66360105062182
412,64.93706726949083
413,62.5748441483922
414,95.95657719949602
415,55.27379694471291
416,83.42638050459445
417,53.08626367704138
418,60.59680261181768
419,61.91823794863418
420,53.81135303885197
421,57.33928477564969
422,54.33365602101136
423,73.2881503130942
424,48.986329246542546
425,56.566011867087006
426,57.47660070616094
427,72.92218178191823
428,53.55397674781198
429,67.24361758742454
430,58.3683274964363
431,48.78681598621025
432,54.31809734407212
433,49.970379594554025
434,52.791658495087454
435,67.04323408718062
436,86.86264123884294
437,51.31595238994389
438,60.60967473377885
439,74.13667404672738
440,48.03711679286174
441,62.28532316492643
442,66.74854479110441
443,57.211724880842276
444,87.01493702146136
445,47.431695257276516
446,68.18501573130489
447,80.49712706634095
448,60.0760577908531
449,55.99249413285574
450,81.75244039015537
451,53.06596920203652
452,54.564817200194085
453,78.9548414755532
454,58.981545448088255
455,81.52479265645216
456,63.63268559115745
457,62.000072372995554
458,56.22863945200941
459,70.81771076494948
460,65.67189920539316
461,59.340246576193536
462,63.53012906125935
463,63.766993658019075
464,56.43938452832964
465,48.814115658729804
466,63.70168088238909
467,55.18775801262991
468,52.44668481512919
469,48.958419443474945
470,56.55657969543635
471,59.88580867178125
472,69.57080329692847
473,73.87214095469122
474,53.83902416597669
475,66.20975276192127
476,67.13681759673918
477,55.37064706453564
478,73.09482475174889
479,61.15748219225326
480,59.236653223722556
481,79.02527716043883
482,53.02099994425422
483,51.90205834567637
484,78.2253633789675
485,78.20746610302672
486,47.98348747660773
487,67.3337719621661
488,76.16923425604625
489,66.86468095551935
490,49.368125911395076
491,57.224716713768444
492,94.75777128025864
493,52.44314902629864
494,84.09621338665914
495,49.64611909952357
496,52.4319847779652
497,72.50124309535238
498,78.71267673052607
499,91.60610879901577
500,64.41841584873912
501,58.71077600976841
502,64.78267138631666
503,63.917383447864694
504,51.48860729428798
505,82.24508649598565
506,63.96655927890001
507,57.7289068623675
508,69.37779506753867
509,49.10959685048851
510,64.42663498611934
511,54.0223654544605
512,89.79286139451841
513,59.68184551735971
514,71.57929193514019
515,72.57633464575484
516,78.55713402615575
517,77.9239297256749
518,83.67685238553429
519,67.52040512816603
520,50.402064312476234
521,47.999410898732464
522,42.18006469451122
523,60.97906623100828
524,68.23882221531657
525,51.429010997128564
526,57.13932281231471
527,48.22621864775197
528,63.64953103220934
529,71.90369027274511
530,47.75342121150774
531,72.09628802588661
532,60.43651063599489
533,62.402395082978266
534,73.3482787218846
535,59.04204929022876
536,49.63572419439245
537,68.80109316000464
538,74.48644083375896
539,62.116002028089014
540,68.34556859911763
541,53.25795858398327
542,66.06880917188921
543,86.02858144483272
544,76.62573970338323
545,62.4291605741524
546,61.99665986278424
547,59.06981795193945
548,63.9355293822476
549,70.88784023646903
550,43.99440193482973
551,56.368201409240626
552,54.83914086649331
553,47.7927555349943
554,66.64584831203135
555,68.74253378997415
556,44.78789872315922
557,59.21610665324334
558,144.40151329697906
559,90.92937657910126
560,79.04387660281358
561,74.67852449876447
562,73.80227961640259
563,53.905006539830936
564,65.46961905808281
565,80.28399630963683
566,62.13493954708316
567,59.17540117887016
568,52.52062189084698
569,78.94573499973397
570,74.24518812392407
571,56.284649059610004
572,54.71037866808592
573,54.982744973130536
574,55.24312663203631
575,77.43918298538539
576,59.97895522578441
577,67.46697662621717
578,68.66880630236483
579,44.13075701849008
580,68.5993102764624
581,47.615815245645486
582,62.123201031862386
583,61.48587351798892
584,61.03760502771557
585,69.72166925485621
586,72.68728219165848
587,52.15572435589224
588,80.1252625128983
589,74.20926361893277
590,54.078105410611
591,56.12832823917866
592,65.73016228530216
593,64.50136301936725
594,69.69832010607804
595,56.62073515126599
596,45.3641431734107
597,48.33871967888528
598,54.49924699086203
599,78.87202204613332
600,72.1599815272909
601,51.0671332456089
602,61.15817888547453
603,53.144332788352585
604,49.218351334987844
605,55.43061685245845
606,53.48465975057215
607,60.65888657720156
608,54.255044724287124
609,59.45315788450457
610,47.29223022837913
611,49.31452049806843
612,60.109129267924864
613,66.57257514029243
614,61.77699254809025
615,66.81708806192378
616,54.33535454806937
617,64.94303164233374
618,70.01692123897683
619,69.47176950187703
620,55.28828472751381
621,55.29499630281079
622,50.02261616467422
623,55.575670439206014
624,82.53359480682602
625,55.23123039998962
626,52.20717026467413
627,58.09790526457773
628,96.00419853473947
629,55.62063431623942
630,56.246453658969486
631,57.06650998670552
632,67.8780531308337
633,60.941322854135635
634,57.717910257502105
635,74.51911880572182
636,53.75850034548143
637,50.305311904870756
638,103.33646704939044
639,88.38063687699696
640,59.19221979430562
641,48.59656732163232
642,70.56053345774919
643,59.77967315826804
644,69.83190388689546
645,54.06691569993269
646,57.84484611918519
647,71.89458424762636
648,78.69853983265375
649,41.083153990955665
650,64.41181850899274
651,75.21570160161617
652,71.78570993131459
653,51.76930451729116
654,57.486455237321664
655,56.6436069692401
656,110.82948656295048
657,61.48382118190909
658,49.557373259144
659,71.59255760802642
660,86.57707816176597
661,98.74683409858795
662,55.564339561749044
663,106.15936730151697
664,53.823112752568434
665,59.28344061486622
666,47.228448593924576
667,56.370077217860214
668,87.29739723164626
669,66.8513206892198
670,51.57787989804778
671,70.24741253950661
672,109.96121013628128
673,70.49486256515478
674,51.38829549973679
675,51.54098210094508
676,54.470341788005214
677,86.44821650865944
678,71.92443172897532
679,56.308319580831615
680,45.61593667732623
681,61.28745177123363
682,50.18228627977709
683,99.20539469066846
684,54.745345659339506
685,76.57373724598153
686,47.281001230884065
687,72.9065762733086
688,75.1389986649095
689,56.42439441136994
690,54.05050013030653
691,51.30430173011855
692,54.98227806899898
693,74.33055548750586
694,104.98470956043589
695,46.49220181948629
696,68.60034585018275
697,91.3028041847754
698,72.30703993150343
699,54.35430443240497
700,65.17673196792644
701,96.141148185228
702,51.08629651600637
703,81.45371592202713
704,52.28224271106993
705,55.32730109365958
706,46.67494579586982
707,69.67788312206608
708,52.9048661943264
709,63.126263992244326
710,72.75626381470126
711,47.0487823786648
712,56.6956712633185
713,50.21736037077568
714,94.17317762376886
715,75.55098254733407
716,48.86991121002661
717,59.87072079704006
718,48.78065037617784
719,51.54036086939924
720,52.02144388291822
721,52.908752580056614
722,50.33159036685315
723,76.09312167286886
724,52.738782490463954
725,56.04922697068997
726,68.54151235374083
727,60.4307689226217
728,58.072578459313775
729,59.74642888452374
730,60.03451734177149
731,50.557656776262036
732,68.06764892656565
733,76.92333359486011
734,52.37160422115227
735,56.82130869035029
736,72.54320288564512
737,57.51574636436977
738,100.34935466101105
739,65.1091255418723
740,49.38581506630133
741,57.74027853385621
742,54.83248086878096
743,51.12707663228363
744,75.16207548441083
745,72.52408087102206
746,72.08032502170958
747,63.53331848874688
748,56.585082318511915
749,54.22875361839631
750,85.55699300984779
751,66.64528005667374
752,59.331725464967654
753,66.16113313412303
754,60.83355666477378
755,74.07611833349368
756,52.08484544464609
757,69.48865840352984
758,89.92124836252594
759,56.35101553998717
760,66.56066530779793
761,65.54071129210428
762,54.337905892728735
763,65.07150583274013
764,118.30774854363982
765,74.45763005351283
766,79.12125059283402
767,46.37797393414442
768,71.75294253238192
769,86.6556603961367
770,73.24492229699013
771,58.052144444185195
772,58.15949413322495
773,50.384291896514775
774,57.91443234572721
775,65.88616344323421
776,59.30983606536774
777,67.94546872002098
778,55.34584124442574
779,79.27188494802864
780,51.40393929209981
781,59.05858119877516
782,60.36540490052435
783,80.67941545104776
784,85.88339348745816
785,47.8316057812512
786,99.8264972374782
787,110.72061439303911
788,60.940260576883155
789,82.57671086175256
790,66.00759466495181
791,60.091542567833336
792,61.10264758737954
793,70.11127033538139
794,65.03721198187007
795,50.6680667965617
796,67.85726411142721
797,57.17072292696292
798,68.9462714929957
799,64.13195452345644
800,66.54212581977842
801,69.68361242008729
802,60.85197162254117
803,53.98720927584348
804,54.700481216246914
805,109.6840466822777
806,97.16249119951785
807,60.46282671294006
808,61.701950172663004
809,60.26340402252377
810,48.96057398312876
811,68.7618384023756
812,55.71017158749828
813,54.780161632569325
814,51.16262327993405
815,58.27319000313197
816,61.858538101255824
817,61.92358098214535
818,54.634972992449335
819,51.83294589007096
820,72.0016608336077
821,109.46904053135628
822,61.749657038815656
823,74.4382530315607
824,61.14621336761756
825,58.17581180451386
826,73.84004663757946
827,67.8362748094753
828,59.274581831285325
829,86.36315252416496
830,66.27471741756162
831,66.29306514753995
832,64.5112350914812
833,75.94846364723008
834,57.30786952826137
835,62.58312361565876
836,64.96270750433467
837,54.513114926138826
838,85.95225680930952
839,77.3089165232483
840,69.77281869089545
841,64.79940917811122
842,85.12212627836003
843,54.47521049666013
844,58.1213125547163
845,70.6898182341987
846,56.05104712290889
847,54.156111927177896
848,66.4326913046226
849,57.967700374738165
850,51.65783980235976
851,70.19473973100261
852,88.32105757721138
853,71.92505777576987
854,67.61385629015851
855,73.10161747819647
856,86.06694737639545
857,70.29463516497452
858,63.338291937146664
859,60.627254596543445
860,68.84486763990635
861,50.10119181985684
862,56.42968036037094
863,63.892169724002144
864,63.36548524016665
865,60.97175971087929
866,70.08100757649345
867,61.49519841121279
868,66.3652604665714
869,67.55508891900367
870,51.47156117083609
871,83.9615532139284
872,53.795814108549756
873,47.83369568599879
874,48.90423104330098
875,57.345017603127204
876,45.170597089062646
877,125.34473547414326
878,57.86783222418956
879,49.12224673024717
880,56.8995971515213
881,71.66848121757286
882,77.60990920689899
883,53.44307584770085
884,85.56876283634494
885,50.63904969411922
886,60.6346344903951
887,56.018209953329304
888,63.26658295164776
889,67.90804376823067
890,53.131299890163696
891,69.76304792536318
892,73.71394812521976
893,57.917689071976554
894,72.54076630670076
895,47.10142817967526
896,101.99353445303167
897,54.97957459187744
898,49.64548326224941
899,57.44851483511313
900,93.92261600163799
901,73.7191274197777
902,75.88174447380347
903,50.95434754980236
904,59.2847485830966
905,71.12658800951598
906,69.06739731114004
907,65.35847744698235
908,50.483347642339496
909,68.14580552122952
910,63.28916613987351
911,94.20211595291251
912,60.3899128425607
913,63.668224032944906
914,52.04403359786933
915,69.45635359962759
916,57.65806584062203
917,122.62042778979378
918,64.69356460094889
919,64.67770293347867
920,59.376387573713785
921,88.36096296912591
922,56.90450765110284
923,50.64417351017777
924,59.255778232064124
925,52.83094862672332
926,54.51261021960475
927,74.04525938649886
928,68.2788602852156
929,56.41991988351034
930,82.24427627422028
931,54.60103433496848
932,70.90909590740225
933,77.75264828539056
934,54.367511359371576
935,83.48886480402605
936,65.01860305310339
937,53.34129962011011
938,75.30429977502176
939,54.38240351959889
940,99.18370922354612
941,58.06665402056208
942,77.25353056266209
943,65.53585380800862
944,54.76099236128287
945,55.75304221498592
946,85.97187358268926
947,54.6272811335746
948,74.45415248793324
949,83.05522340151741
950,50.76901333594657
951,58.4082717097926
952,80.33701389250204
953,68.79815239032169
954,54.39516836537137
955,71.85807734915412
956,74.81688082477841
957,73.12299437480225
958,72.68429677068853
959,70.0633074273928
960,60.81703911808759
961,57.00143735660363
962,117.63537607549506
963,91.48477020702722
964,60.78671431794995
965,49.2073612791408
966,61.78171942321464
967,55.969218489286455
968,71.84389832898954
969,62.47015787583391
970,61.94954957409183
971,63.557895452218084
972,89.33641488972589
973,48.82067056253178
974,103.07794274648296
975,68.90295558992064
976,75.23504636690299
977,75.3941529217913
978,70.52763819141049
979,58.53580606522084
980,63.82909088849379
981,71.40725116316247
982,82.37997337018076
983,57.409963233309426
984,61.75314302873735
985,78.16613522157215
986,66.571834471658
987,97.41196164016593
988,92.24274155568637
989,59.67564915971313
990,54.43566029829064
991,72.000343678046
992,101.60036963320272
993,80.91649273284781
994,46.804723146378315
995,67.42411613894824
996,63.9176678459191
997,60.47576692274068
998,52.34434062679757
999,62.358193198725765
1000,54.52417340862379
1001,82.01060704486314
1002,58.88756904034443
1003,109.5708955814666
1004,50.96500617950848
1005,67.4544180785828
1006,82.77013847546614
1007,50.33426163617193
1008,63.2326725496726
1009,72.30520732867616
1010,61.0277278501585
1011,70.28600884875047
1012,78.57863615603857
1013,78.46228659460105
1014,51.55397141914189
1015,54.89177725988718
1016,51.13439189022257
1017,60.63512342557467
1018,62.33397815779104
1019,49.28061701321912
1020,53.96723936983522
1021,54.40794149800858
1022,51.59954096257717
1023,60.37047612073909
1024,107.06257426267214
1025,70.71248646362193
1026,51.33568875258128
1027,61.44516883388361
1028,101.86510833614722
1029,55.937958618256175
1030,68.99006073822153
1031,76.6573415472412
1032,84.28678865203676
1033,56.31549923245635
1034,72.6746904476394
1035,112.93912301773746
1036,49.82945388141575
1037,76.2149892399973
1038,83.99473379989041
1039,63.33801865416504
1040,67.51046884960775
1041,104.4759359102144
1042,53.129747704205585
1043,58.91149708211697
1044,57.348416341929855
1045,62.96823713727582
1046,65.4072028916637
1047,98.0732383360859
1048,54.216671478198734
1049,89.11256618753947
1050,61.19563505801765
1051,75.04249197933058
1052,52.246235457287014
1053,65.58832735618522
1054,63.27099389934994
1055,68.61694219184535
1056,50.23745865784338
1057,68.05131593502774
1058,84.00775350309645
1059,76.84539780443453
1060,49.25981859091051
1061,72.40685670426654
1062,88.06161644525889
1063,87.4992377355772
1064,54.02579386980702
1065,63.77632171622469
1066,75.13714578868912
1067,52.292415094179255
1068,90.05774444385399
1069,73.88528483763075
1070,78.66482729544943
1071,57.88896375507683
1072,64.87981478097049
1073,76.05829678633853
1074,67.7360546162182
1075,68.2887105778955
1076,89.77577828008903
1077,60.845285602497334
1078,56.467008209886004
1079,73.88564180937723
1080,54.99122759724728
1081,93.6467909207699
1082,60.70293954108228
1083,54.41896949568851
1084,53.08205099330227
1085,52.459692204567155
1086,145.70725388070463
1087,55.24430182351142
1088,57.15666252196188
1089,63.46551969038664
1090,60.35359355347503
1091,65.32970302558999
1092,69.97141849204807
1093,56.7975305691807
1094,51.236879115815924
1095,88.1919753557304
1096,66.86230063812056
1097,74.5299071416982
1098,69.0361947066922
1099,70.20013293726574
1100,61.68497162354042
1101,104.19979903587631
1102,57.57262115520875
1103,75.18681290688706
1104,68.38137541666134
1105,54.57670275494374
1106,59.86158895939951
1107,57.83153614180001
1108,66.22316078930565
1109,74.90411141871392
1110,101.81442590601289
1111,115.03562651445797
1112,73.84178138104305
1113,114.61522077213499
1114,71.01358127315464
1115,49.51102430585785
1116,60.75637367040453
1117,58.21422121160037
1118,46.98717647635659
1119,78.811885922129
1120,49.486121464008306
1121,54.89463905166221
1122,72.65042068981546
1123,93.26527406351262
1124,48.675332162437364
1125,52.88326233587461
1126,54.36473005889415
1127,71.65686347833962
1128,81.38364650069086
1129,53.496536935843686
1130,57.85847216148948
1131,69.18169449419412
1132,54.5558918252688
1133,69.2915064685068
1134,50.761218690127286
1135,66.61215875614883
1136,82.91143342351671
1137,72.58351981097486
1138,79.12437685903967
1139,59.41935330604409
1140,81.29071083226822
1141,55.038692811333036
1142,86.06136985973306
1143,73.22948462552223
1144,75.72582350390456
1145,64.24509790131569
1146,77.6348061392687
1147,61.81036216049039
1148,62.966325283174065
1149,91.1365271206064
1150,63.961404521015034
1151,70.85525049916843
1152,75.34818147193188
1153,82.43683887817271
1154,74.17884478141976
1155,63.97259830714399
1156,79.4460890477203
1157,50.02151991101702
1158,83.28370810699828
1159,76.26630766038517
1160,120.02661716201348
1161,59.8456633818777
1162,93.05371731831609
1163,55.019013566812404
1164,82.04393795436023
1165,87.4887216446312
1166,56.89926318329188
1167,82.59531595276964
1168,58.381820919033025
1169,72.83565156005879
1170,63.584378684503776
1171,56.939746456445285
1172,80.49232691995888
1173,67.67103648708958
1174,56.00449446220925
1175,59.813736750662486
1176,85.649422138061
1177,66.10963556938746
1178,57.86205151364594
1179,61.38667386792862
1180,100.28359365471353
1181,75.36381087668424
1182,51.79486020460914
1183,60.029795097507034
1184,59.860105122802665
1185,87.9787751056787
1186,90.42164915852135
1187,57.181383094930524
1188,48.037779085103885
1189,81.84763725085529
1190,54.91879579358254
1191,59.16458853546761
1192,58.25733120600469
1193,84.18430300191244
1194,73.42213141803785
1195,55.91021833711349
1196,57.22593197733431
1197,56.965770329504096
1198,88.67139874425895
1199,74.98857481857054
1200,75.83512877638799
1201,54.01339920611351
1202,57.67410152333151
1203,63.62501845960562
1204,62.81626894224821
1205,71.81149241887059
1206,49.6321021669836
1207,144.95033113781903
1208,71.14597351999016
1209,72.3597319482541
1210,71.25430177901991
1211,54.60332352000178
1212,71.87948145332325
1213,53.90980678714635
1214,65.7081791183473
1215,72.57403041436663
1216,86.2679626973757
1217,74.88253416962792
1218,67.86906093807346
1219,70.43221130165091
1220,121.65353181285055
1221,62.903062664970065
1222,86.18080425827685
1223,65.16721898291458
1224,55.382774647358104
1225,74.58808946024106
1226,88.1277742964371
1227,55.921849289985396
1228,62.75414341940585
1229,73.6535650939224
1230,64.79426695759082
1231,68.92595162205504
1232,52.87197717381022
1233,66.04880193830535
1234,61.65853459385451
1235,95.26128194517277
1236,67.91653913379682
1237,53.463526872884735
1238,65.90633095487242
1239,72.2817390381423
1240,128.43838076764322
1241,55.84991319211745
1242,61.946382698146216
1243,57.69237052188585
1244,54.81633262212038
1245,74.13798816032718
1246,103.92630868556243
1247,77.65174626700139
1248,52.78997241878631
1249,54.33851824413156
1250,49.0879683818931
1251,59.57763297515747
1252,63.21914893257503
1253,78.41830917278035
1254,55.85031007582021
1255,71.91211897212999
1256,58.02271234100912
1257,92.37045565323777
1258,64.71659200710575
1259,65.49851100043631
1260,70.02642593178024
1261,59.84013085276467
1262,98.14247011864649
1263,74.65332550596587
1264,76.14738730503981
1265,74.8793839774369
1266,56.44093395079829
1267,122.184024205673
1268,74.5452227917736
1269,60.96268274812682
1270,93.65527066945141
1271,86.32336675744374
1272,63.4626590528901
1273,93.25354696078082
1274,65.84446698296719
1275,62.90863426432065
1276,70.21373082841025
1277,73.24646680567575
1278,64.01589865852497
1279,101.30211131228981
1280,78.50895829831424
1281,92.11989550532009
1282,103.24702450051116
1283,55.845666088737175
1284,73.36683470447657
1285,66.15710611491473
1286,51.28730208740959
1287,62.52892780624975
1288,63.933764708429194
1289,94.6442308945268
1290,51.57002944422185
1291,58.167898283831754
1292,67.95349298721722
1293,74.60179190950865
1294,62.08012424790651
1295,103.13795281962084
1296,58.82651034541665
1297,97.37678813602571
1298,97.46251916726892
1299,57.08111050102952
1300,65.08187570090116
1301,58.265800572337945
1302,56.69152131267905
1303,72.34422081442293
1304,75.08299538958761
1305,96.74338187649315
1306,65.45087505422332
1307,80.60980640959885
1308,72.91106324755452
1309,56.962075723451875
1310,60.30751020941006
1311,136.1133469198451
1312,74.12679378605085
1313,79.37939578902258
1314,47.381666633345475
1315,60.017410596914964
1316,77.11368149748654
1317,103.16612296500598
1318,58.28139431582251
1319,56.56187660460231
1320,115.23508760235504
1321,55.6182330565399
1322,67.95779066872913
1323,110.1865521966026
1324,107.36184259325003
1325,80.22086682917445
1326,71.55261408760619
1327,72.59513397935366
1328,60.22844728737311
1329,67.12651506534344
1330,76.34857157718433
1331,64.93328457311918
1332,55.249869448345926
1333,76.38992487856017
1334,53.652238926297024
1335,82.15411543712793
1336,72.14854467810322
1337,60.28775454655177
1338,60.9119946965573
1339,97.0272137871794
1340,82.51984927523166
1341,59.939657953704575
1342,61.60329407248377
1343,61.18057270471391
1344,51.513664346370916
1345,68.8575705041761
1346,62.575130029996494
1347,89.97801149004128
1348,63.15571404911585
1349,109.850329835074
1350,83.75060651655741
1351,61.391588029450126
1352,62.64776496279442
1353,58.64520151003675
1354,75.10000590015746
1355,52.59781609035298
1356,64.32639460800422
1357,72.84154130373933
1358,62.24391916070977
1359,81.9618513859422
1360,57.289458681707906
1361,52.07257189846168
1362,49.120425874090806
1363,56.22895724014767
1364,145.30972556453756
1365,70.12285389893052
1366,63.63691465011468
1367,63.513270335993596
1368,53.923484499235386
1369,57.66965946947328
1370,63.14696891342564
1371,80.69731928079051
1372,54.34516271162789
1373,85.11936261088158
1374,93.3712029425897
1375,63.82495556353043
1376,76.57606756406058
1377,79.6894830272856
1378,81.09126716511123
1379,62.568097354284134
1380,70.07129088018274
1381,90.85463579636009
1382,86.56961445945005
1383,74.87630508779895
1384,56.39849075482552
1385,59.36505235336432
1386,108.37422397372434
1387,48.94131506186721
1388,93.49520248192505
1389,64.14991802508108
1390,56.3791476139884
1391,51.77323747228233
1392,53.33828013578166
1393,66.64595018021686
1394,81.19883631603287
1395,84.87635496962679
1396,74.0358886393457
1397,96.05699034483607
1398,67.49438028980748
1399,87.20740382246768
1400,59.544199720795795
1401,65.2335953561627
1402,74.24974282089191
1403,80.79026417327395
1404,53.83597201903765
1405,102.21871913457483
1406,81.19320260071832
1407,64.58203450769132
1408,66.19025731840546
1409,66.8484782986754
1410,110.44158348377746
1411,68.43480994810314
1412,82.9561136752545
1413,91.37024104829486
1414,61.440906357841826
1415,78.05337034383739
1416,152.77978168755254
1417,55.372614961291454
1418,63.20534038297495
1419,63.99298060820651
1420,99.34876181853848
1421,61.51262988721449
1422,120.48276202164006
1423,78.8511460414723
1424,57.911577542686246
1425,55.37525641377894
1426,81.85079602880506
1427,72.25698691287221
1428,73.89758065940487
1429,73.02995028230417
1430,65.92964326907517
1431,90.77190637469165
1432,112.27733043241854
1433,80.96319646959242
1434,61.599005861263436
1435,66.35216367282139
1436,78.3787092244062
1437,79.06454713479664
1438,61.297057371692475
1439,72.09263959660666
1440,57.736759944180626
1441,65.89326347338455
1442,79.26384164411479
1443,75.76752011769958
1444,88.85838474454424
1445,48.471298242442835
1446,101.19604876663671
1447,68.91436658799938
1448,50.736184804416
1449,61.738863574742986
1450,107.52223826837846
1451,73.33021016116781
1452,97.00886910427907
1453,61.99129405278596
1454,58.00181424324246
1455,79.52820842672598
1456,91.20192024748734
1457,53.89505397368192
1458,56.99352598064951
1459,61.75724528969907
1460,70.3034384957966
1461,75.29293778072493
1462,60.50838213472785
1463,84.71338776464023
1464,70.95406231628594
1465,61.77402296081655
1466,55.43204379784329
1467,61.80858501653476
1468,104.85701621435872
1469,66.1641597065544
1470,81.1012948800373
1471,74.70182154740634
1472,93.7153112378947
1473,76.69125744266412
1474,55.90423250234087
1475,73.27217702279233
1476,96.26632491266135
1477,83.04575280664274
1478,69.06657168569963
1479,47.68261090890753
1480,54.30966277820569
1481,76.14696126715643
1482,87.07902130756487
1483,97.33616510609153
1484,124.7289116959509
1485,83.91038702152967
1486,70.5000066115678
1487,105.28878776718587
1488,91.62008428518956
1489,58.119957594189806
1490,91.11978482464697
1491,52.82602698177992
1492,67.63200142535332
1493,129.3962485290663
1494,48.557297345662356
1495,78.16923313986234
1496,62.37030237900002
1497,76.7775292910573
1498,60.50446753770275
1499,100.73897706560402
1500,56.175160170298156
1501,69.66451481143943
1502,61.15685199924871
1503,72.69527484764981
1504,114.58030816965686
1505,67.79588919021984
1506,70.70339797055077
1507,81.29054866460389
1508,63.86087298204688
1509,86.01413461891931
1510,89.81779510113408
1511,57.426504579520696
1512,82.33907169128115
1513,57.02655238363701
1514,63.89254911228501
1515,66.19839783064462
1516,56.42982894596208
1517,78.14283062877546
1518,57.60522358687082
1519,76.65464782152199
1520,74.12988651436677
1521,61.36620444729962
1522,104.9317180626566
1523,75.87571990332846
1524,52.284349335056326
1525,64.53811032529761
1526,58.255616955603905
1527,76.76091045756776
1528,66.75305579222345
1529,53.11199218511623
1530,48.80911677875022
1531,92.48249203172652
1532,48.11108269163839
1533,69.13608659882492
1534,53.73701613342082
1535,87.9358917898098
1536,80.84404452930704
1537,92.28934550650123
1538,64.87800568731303
1539,60.00679856379823
1540,63.7301911570466
1541,77.10605225537671
1542,77.52450465613478
1543,68.32606205258132
1544,97.61128611289803
1545,66.53583104197733
1546,54.67113520552871
1547,57.03783322982542
1548,91.99728780917363
1549,101.47512337390164
1550,87.75622715756961
1551,54.576823073276934
1552,48.43144979067204
1553,67.63705858109124
1554,57.53741686896895
1555,65.64474103485256
1556,72.27292887282539
1557,102.6925882735013
1558,135.87339711277608
1559,55.33006792542787
1560,63.16634793282796
1561,69.98815891182235
1562,65.76883249067266
1563,72.09621615297233
1564,51.666127843937005
1565,59.93761589132055
1566,100.8646914579054
1567,74.30861222965976
1568,64.22549809914784
1569,77.26132472107393
1570,47.7743567357955
1571,56.03892725312848
1572,70.9655526804662
1573,61.81499193689574
1574,96.30737807482977
1575,63.37902166709398
1576,59.45866598294343
1577,64.52193471713935
1578,119.02222243583947
1579,67.5126887580337
1580,114.30702914923145
1581,83.35297308042234
1582,91.99923689080468
1583,54.243599643799456
1584,77.12849310252685
1585,63.57938913397817
1586,59.17725735277016
1587,66.79163180407296
1588,83.89152106352313
1589,79.0360227785578
1590,61.91031567407419
1591,62.998637720599795
1592,71.39141384187508
1593,72.94658463796253
1594,56.43278294787585
1595,57.52477999898654
1596,71.05216591389693
1597,57.19469645495446
1598,81.41543754601986
1599,67.91430342614639
1600,89.9828494233584
1601,54.97772467573444
1602,69.16960313379542
1603,61.39053422818045
1604,57.56720602512573
1605,91.02863060991841
1606,123.67621706400745
1607,57.38635528711218
1608,66.42639522049785
1609,74.2243664144803
1610,102.59971787190196
1611,70.58909559423573
1612,70.29220436058384
1613,80.37190104326126
1614,56.49882584653733
1615,79.32729280760076
1616,86.72747413633435
1617,80.94492368664368
1618,59.30640007736601
1619,73.47118886687994
1620,57.84473777381306
1621,62.56906409204868
1622,76.21398504664697
1623,48.43327853556203
1624,64.8387532178552
1625,72.9040624407996
1626,85.60985156536567
1627,62.836218513793696
1628,64.44427388435467
1629,85.51387499423888
1630,103.34163593495234
1631,62.93851433556299
1632,97.22946219229783
1633,78.98091413086979
1634,94.99795978986285
1635,129.531083888212
1636,101.57967060190131
1637,71.76908117566482
1638,81.8281548819038
1639,72.12079654373856
1640,70.55344991270559
1641,56.936319013275074
1642,66.47633366264856
1643,73.21879689354007
1644,71.6517811137179
1645,66.53759819338512
1646,114.47968038514401
1647,97.94900964152953
1648,105.91659939870554
1649,89.32665810098248
1650,85.46370266253923
1651,67.6600154500192
1652,79.34445507641871
1653,60.98324885562665
1654,82.52404597751728
1655,75.77903660342506
1656,96.56654867025128
1657,67.52939618744809
1658,90.05753704790789
1659,81.41283693971776
1660,98.23565440770959
1661,51.22756935079899
1662,89.91590440127712
1663,67.59987880399999
1664,77.72976584582116
1665,59.273562774151614
1666,68.57195352163886
1667,52.71944173664915
1668,72.3485852174028
1669,83.00920958611478
1670,139.79054908606307
1671,65.39147084391749
1672,57.24176368285379
1673,77.426719050156
1674,101.65541454321001
1675,78.71256477488929
1676,63.08808749112757
1677,60.44648933298775
1678,100.45250564994778
1679,116.77664923426391
1680,85.33305724550524
1681,59.09730594195476
1682,63.21898992253091
1683,61.16789498694347
1684,84.67112598228806
1685,79.25676023519864
1686,57.83028830202208
1687,58.07888527627058
1688,52.84924086778009
1689,72.33106892621895
1690,57.164582193311674
1691,52.5543361400041
1692,80.10979282336116
1693,59.06235990441989
1694,147.776183886084
1695,73.28687686273005
1696,77.25214734336572
1697,81.01977003502923
1698,64.43538643673676
1699,83.11986849523375
1700,80.85944568503265
1701,64.97826907130286
1702,58.47249040106938
1703,55.91577699620475
1704,81.56375874287014
1705,87.93913466208328
1706,77.81618169759768
1707,68.49076391339732
1708,65.21082601404184
1709,70.63683080532938
1710,63.54230657270056
1711,90.09658452111704
1712,69.70303504685941
1713,81.21116088468216
1714,62.17770334646809
1715,53.95203522269664
1716,65.67331377937397
1717,85.71416503780176
1718,84.15537255043833
1719,74.89402067068461
1720,83.37766251769092
1721,89.20393337585921
1722,92.36530635804895
1723,109.2033027600428
1724,57.04083464326267
1725,106.513829786682
1726,79.84097783147585
1727,62.415570738986325
1728,53.9686254167822
1729,101.78199702117539
1730,71.1155914689919
1731,86.21470200176668
1732,64.37793191206711
1733,86.77437454959481
1734,66.96471755618941
1735,122.69884785219203
1736,60.92015883463946
1737,77.07940771308273
1738,53.069890543445354
1739,66.51668364306471
1740,71.54656015402357
1741,108.088349360336
1742,61.274131896281745
1743,50.21177816685947
1744,80.56732525958864
1745,76.62581253652743
1746,90.6500527823748
1747,77.53142266597045
1748,73.18824811541481
1749,52.361999590162554
1750,99.23188026694709
1751,54.82631521135387
1752,62.15315600446631
1753,54.399823209010066
1754,82.83913918451853
1755,76.42109237336162
1756,58.28295456678044
1757,71.86959907070903
1758,69.43643850986714
1759,67.2904041423004
1760,108.29776924018066
1761,82.3373820522616
1762,91.87126568608656
1763,65.50937370531969
1764,81.6310603382866
1765,64.51033276792873
1766,62.030558658712124
1767,75.77066228544936
1768,62.79104342671974
1769,91.32284635592197
1770,74.73902774151726
1771,72.00880448006083
1772,83.40792495492829
1773,66.86599575669437
1774,65.49596424764589
1775,78.48083340566208
1776,64.6095349804473
1777,76.54749169399197
1778,60.20731480443236
1779,70.80775383630392
1780,61.13700956846888
1781,117.1987200601352
1782,91.34320375228187
1783,54.31588133199783
1784,74.27750690100852
1785,90.23774982301015
1786,73.65794120951097
1787,50.85915754527268
1788,63.62481856370014
1789,63.316596663034716
1790,83.31764374046232
1791,65.5495639120488
1792,82.740682600344
1793,68.08447944521396
1794,50.872686003030964
1795,59.19323074655638
1796,62.81636670686955
1797,80.59344951605141
1798,95.81474764383448
1799,98.3052309341079
1800,50.462195227825326
1801,70.28985354586766
1802,91.64216302572869
1803,83.12608839024934
1804,62.708568808827515
1805,76.49969366743667
1806,59.028288371942764
1807,95.10640431424973
1808,56.94018462592668
1809,255.62059567772587
1810,110.6473620795646
1811,69.41906013812903
1812,74.10519282534239
1813,53.60632379841434
1814,81.87109447191642
1815,73.49902195167941
1816,69.03169595287588
1817,59.13702700290162
1818,62.07769522587305
1819,63.275266200490044
1820,73.94759963910349
1821,94.89263130512435
1822,58.80446533029144
1823,57.51891255679739
1824,60.93797923516764
1825,67.10533585349616
1826,54.94900426796726
1827,84.0169550602876
1828,79.69940138207717
1829,59.42538588787964
1830,78.90495409989023
1831,62.51874590232398
1832,79.34899391220985
1833,72.6010962305186
1834,70.8085573391674
1835,85.6703155646422
1836,59.58055280784347
1837,61.613229664583756
1838,85.77528614853979
1839,70.02914569114994
1840,65.4458563087654
1841,79.0476034242148
1842,108.55171524245888
1843,83.7184870422579
1844,54.51732839780031
1845,76.52302066527284
1846,70.89817130359067
1847,78.02974831490299
1848,61.43294367156694
1849,91.10280578778489
1850,63.84256742985135
1851,54.974319419204164
1852,55.437421153891385
1853,77.60939379397165
1854,53.809889430259815
1855,83.21119202832087
1856,68.48186999263646
1857,67.33107411240518
1858,64.60443975335023
1859,61.19465890953328
1860,128.87958305192677
1861,82.32881673820687
1862,72.15889632712579
1863,86.73063864304723
1864,69.46605223444304
1865,64.30145088456717
1866,67.83705291649991
1867,71.66541942700306
1868,78.8775345977316
1869,61.3056355823822
1870,61.93396029933845
1871,57.19091761362053
1872,113.98233450629678
1873,75.12392721600409
1874,66.79042821110099
1875,62.84669309106201
1876,73.10532550217657
1877,69.70337908797502
1878,79.45896243787975
1879,60.75393737582671
1880,84.06895207272191
1881,80.95117733068058
1882,59.331392046509535
1883,90.44324538723733
1884,80.26870556640131
1885,81.70972056050348
1886,91.21654159456718
1887,94.3504360984776
1888,89.3635973586288
1889,79.99440384256822
1890,79.33725846062107
1891,98.0921983941189
1892,63.00356500286832
1893,86.46859290233918
1894,232.20832911205608
1895,65.59439714696666
1896,107.54417122462844
1897,84.95013763658277
1898,58.04798565766555
1899,93.75830723781131
1900,141.8872887906699
1901,51.925394313784636
1902,61.57569505019727
1903,82.282278245057
1904,72.74319355874515
1905,71.41909188471138
1906,51.66479313000537
1907,86.01012350400906
1908,123.24100063001539
1909,74.17344083185623
1910,68.60928467151152
1911,78.22871611104823
1912,59.52168650872785
1913,72.31403545236778
1914,69.62531601797536
1915,78.65803869588454
1916,77.03387153740667
1917,59.90735565695159
1918,53.887297384704844
1919,92.33054427578014
1920,68.31999422473653
1921,71.807273507817
1922,77.29748031756883
1923,67.38304786041735
1924,60.11563087299554
1925,72.34654513484374
1926,78.11468831055778
1927,57.11777914527843
1928,74.65091092246908
1929,116.13193747248704
1930,76.49541993614831
1931,67.73762782132687
1932,60.622676165405956
1933,63.115931752851665
1934,103.17423876495783
1935,87.48134681212501
1936,62.78630866096121
1937,91.64232059212581
1938,63.33318815968353
1939,74.51345475090483
1940,87.45930989274233
1941,104.71863527750969
1942,97.19374972291497
1943,65.83886051487825
1944,62.91517911230616
1945,82.7226082110726
1946,78.69919477038538
1947,54.86911315136389
1948,60.70650932716231
1949,75.20287683285561
1950,67.33216154512733
1951,105.38678648055779
1952,58.001571765764005
1953,70.50189861712522
1954,51.836748182974745
1955,103.4557631778387
1956,71.97037114786448
1957,74.07423423614003
1958,92.63876338894893
1959,68.08842527205638
1960,71.54599135945624
1961,63.582223948586794
1962,172.28549639319982
1963,55.97659646972152
1964,77.47811265837198
1965,75.8615339786649
1966,103.37295660230896
1967,59.39947367941441
1968,113.9995057697468
1969,85.80192941057435
1970,60.03959776199734
1971,71.81553661406997
1972,59.65524598845817
1973,131.3036637815776
1974,67.03339126099573
1975,109.7353884357354
1976,64.83330653685782
1977,110.20876009627545
1978,58.89716099216439
1979,65.45695845599532
1980,74.47066426153945
1981,55.83057739239723
1982,84.59586305500143
1983,48.7451050252623
1984,83.36560686204157
1985,75.5896020879256
1986,84.72737532447832
1987,91.28993228191361
1988,65.30866865778418
1989,62.40195175641353
1990,63.15952026189583
1991,77.84530071376953
1992,61.13073099610163
1993,60.59669943011128
1994,76.11298879991156
1995,86.84576530307193
1996,102.45325761295001
1997,76.57867033538126
1998,72.2289686382737
1999,66.08781280061895
